id,time,substrate,spdiversity,c_t
a1,0,a,1,44.9
a1,8.5,a,1,44.067
a1,111.6,a,1,41.552
a1,44.8,a,1,41.54
a1,5.5,a,1,44.6305
a1,14.6,a,1,43.1188
a1,24.6,a,1,42.1694
a1,76.5,a,1,41.075
a100,0,a,2,46.2
a100,44.7,a,2,40.9701
a100,5.4,a,2,45.4548
a100,14.6,a,2,44.2144
a100,24.6,a,2,42.6576
a100,8.5,a,2,45.0355
a100,111.5,a,2,40.5135
a100,76.4,a,2,40.9284
a101,44.7,a,4,37.0969
a101,0,a,4,49.3
a101,111.4,a,4,36.3776
a101,24.6,a,4,40.5916
a101,14.5,a,4,45.9215
a101,76.4,a,4,37.3816
a101,8.5,a,4,47.787
a101,5.4,a,4,48.3712
a102,44.6,a,4,42.2846
a102,111.4,a,4,39.5704
a102,24.6,a,4,43.2314
a102,14.5,a,4,44.206
a102,76.3,a,4,38.9174
a102,0,a,4,46.7
a102,8.4,a,4,45.5828
a102,5.4,a,4,46.133
a106,44.8,a,2,38.8184
a106,24.6,a,2,38.2312
a106,111.5,a,2,39.4985
a106,14.6,a,2,44.1684
a106,76.4,a,2,37.514
a106,0,a,2,46.3
a106,8.5,a,2,45.416
a106,5.5,a,2,45.662
a108,111.5,a,2,28.375
a108,44.7,a,2,31.7794
a108,76.4,a,2,30.2784
a108,24.6,a,2,37.4494
a108,0,a,2,45.1
a108,14.6,a,2,42.1946
a108,5.4,a,2,44.4412
a108,8.5,a,2,43.757
a109,44.7,a,4,38.0881
a109,14.5,a,4,42.9695
a109,111.4,a,4,43.8834
a109,76.4,a,4,38.2072
a109,24.6,a,4,40.096
a109,0,a,4,46
a109,8.5,a,4,43.824
a109,5.4,a,4,45.5734
a110,111.4,a,4,20.4096
a110,44.6,a,4,32.1604
a110,24.6,a,4,39.9596
a110,0,a,4,46.7
a110,8.4,a,4,44.39
a110,14.5,a,4,40.5085
a110,5.4,a,4,46.1816
a110,76.3,a,4,27.625
a111,0,a,8,47.3
a111,111.4,a,8,36.3828
a111,44.6,a,8,32.582
a111,14.6,a,8,39.2408
a111,76.3,a,8,31.277
a111,5.4,a,8,46.6304
a111,8.4,a,8,44.1416
a111,24.5,a,8,35.0745
a112,0,a,8,62.9
a112,8.4,a,8,61.7072
a112,44.5,a,8,51.4635
a112,111.3,a,8,44.4242
a112,5.4,a,8,62.306
a112,14.5,a,8,59.8695
a112,24.5,a,8,57.7795
a112,76.3,a,8,43.4435
a113,0,a,1,45.4
a113,5.5,a,1,44.8995
a113,44.8,a,1,34.7824
a113,111.5,a,1,34.1385
a113,24.6,a,1,40.5292
a113,14.6,a,1,42.0128
a113,76.5,a,1,31.8595
a113,8.5,a,1,44.1845
a114,0,a,2,52.1
a114,44.8,a,2,41.1688
a114,111.5,a,2,46.1905
a114,5.5,a,2,51.8745
a114,76.4,a,2,40.64
a114,24.6,a,2,49.9352
a114,14.6,a,2,48.4062
a114,8.5,a,2,50.7145
a116,44.7,a,2,41.801
a116,5.4,a,2,48.6386
a116,0,a,2,49.4
a116,8.5,a,2,47.8105
a116,111.5,a,2,38.696
a116,24.6,a,2,44.357
a116,14.6,a,2,46.7866
a116,76.4,a,2,35.5716
a117,5.4,a,4,48.6276
a117,24.6,a,4,43.05
a117,111.4,a,4,35.1636
a117,76.4,a,4,35.1424
a117,44.7,a,4,38.3379
a117,14.5,a,4,46.213
a117,0,a,4,49.2
a117,8.5,a,4,47.874
a118,111.4,a,4,36.6082
a118,76.3,a,4,35.1602
a118,14.5,a,4,43.922
a118,5.4,a,4,45.5764
a118,0,a,4,46.3
a118,44.6,a,4,36.265
a118,24.5,a,4,41.2775
a118,8.4,a,4,44.8552
a119,44.6,a,8,25.8802
a119,5.4,a,8,43.6952
a119,14.6,a,8,35.029
a119,8.4,a,8,40.898
a119,76.3,a,8,24.5383
a119,111.4,a,8,8.5406
a119,24.5,a,8,30.825
a119,0,a,8,44.3
a12,8.5,a,2,47.114
a12,14.6,a,2,46.7276
a12,44.7,a,2,43.2724
a12,24.6,a,2,45.1234
a12,5.4,a,2,47.6626
a12,76.4,a,2,40.6128
a12,111.5,a,2,36.727
a12,0,a,2,48.1
a120,8.4,a,8,44.0188
a120,24.5,a,8,41.811
a120,111.3,a,8,39.7915
a120,14.5,a,8,42.886
a120,5.4,a,8,44.2006
a120,0,a,8,44.8
a120,44.5,a,8,39.9495
a120,76.3,a,8,39.0012
a121,24.6,a,1,39.3724
a121,111.5,a,1,36.3075
a121,14.6,a,1,42.958
a121,44.8,a,1,33.7736
a121,0,a,1,46.9
a121,5.5,a,1,46.2345
a121,76.5,a,1,31.141
a121,8.5,a,1,45.625
a122,24.6,a,2,45.6246
a122,44.8,a,2,24.4544
a122,0,a,2,45.6
a122,111.5,a,2,35.0075
a122,76.4,a,2,25.354
a122,8.5,a,2,44.104
a122,5.5,a,2,44.764
a122,14.6,a,2,43.8626
a124,44.7,a,2,38.2434
a124,8.5,a,2,44.704
a124,0,a,2,46.2
a124,14.6,a,2,43.572
a124,76.4,a,2,33.1356
a124,111.5,a,2,35.273
a124,24.6,a,2,40.1484
a124,5.4,a,2,45.5088
a125,14.5,a,4,41.6945
a125,76.4,a,4,34.9848
a125,44.7,a,4,36.6692
a125,0,a,4,44
a125,24.6,a,4,38.3666
a125,8.5,a,4,42.7845
a125,111.4,a,4,34.1968
a125,5.4,a,4,43.4006
a126,8.4,a,4,47.7188
a126,14.5,a,4,46.9485
a126,44.6,a,4,44.7982
a126,0,a,4,48.5
a126,24.5,a,4,45.8785
a126,76.3,a,4,42.7775
a126,111.4,a,4,40.9248
a126,5.4,a,4,47.6738
a130,14.6,a,2,48.34
a130,0,a,2,49.8
a130,24.6,a,2,49.7508
a130,76.4,a,2,43.6116
a130,8.5,a,2,48.899
a130,5.5,a,2,48.909
a130,44.8,a,2,46.7536
a130,111.5,a,2,45.4515
a131,8.5,a,2,45.1185
a131,0,a,2,46.3
a131,14.6,a,2,43.1902
a131,5.5,a,2,45.4915
a131,24.6,a,2,38.674
a131,76.4,a,2,29.7976
a131,44.8,a,2,35.0104
a131,111.5,a,2,28.46
a136,14.5,a,8,42.3985
a136,8.4,a,8,43.9552
a136,24.5,a,8,41.2105
a136,76.3,a,8,36.7781
a136,44.5,a,8,39.437
a136,0,a,8,45.4
a136,5.4,a,8,44.212
a136,111.3,a,8,39.835
a138,14.6,a,2,48.1854
a138,0,a,2,48.2
a138,5.5,a,2,48.2055
a138,24.6,a,2,44.6084
a138,76.4,a,2,47.5888
a138,8.5,a,2,48.1745
a138,111.5,a,2,48.5345
a138,44.8,a,2,48.0656
a139,44.8,a,2,45.22
a139,14.6,a,2,48.1524
a139,8.5,a,2,48.986
a139,5.4,a,2,49.2356
a139,111.5,a,2,42.787
a139,0,a,2,49.7
a139,76.4,a,2,44.1992
a139,24.6,a,2,46.5266
a14,14.5,a,4,43.775
a14,5.4,a,4,44.5108
a14,24.6,a,4,40.7608
a14,0,a,4,44.5
a14,76.3,a,4,36.2596
a14,44.7,a,4,39.1807
a14,8.5,a,4,44.4575
a14,111.4,a,4,39.0414
a140,24.6,a,4,39.6334
a140,14.6,a,4,43.4968
a140,44.7,a,4,37.36
a140,8.5,a,4,44.583
a140,5.4,a,4,46.0624
a140,0,a,4,46.3
a140,111.5,a,4,36.042
a140,76.4,a,4,35.604
a141,76.4,a,4,39.7172
a141,5.4,a,4,45.3948
a141,14.5,a,4,44.353
a141,111.4,a,4,38.4704
a141,0,a,4,45.6
a141,8.5,a,4,44.8945
a141,24.6,a,4,44.0256
a141,44.7,a,4,42.024
a142,14.5,a,4,44.492
a142,44.6,a,4,43.2348
a142,76.3,a,4,42.3376
a142,24.5,a,4,43.452
a142,111.4,a,4,41.9896
a142,8.4,a,4,45.1348
a142,5.4,a,4,45.3628
a142,0,a,4,46
a143,14.5,a,8,47.7755
a143,24.5,a,8,44.471
a143,111.4,a,8,34.3584
a143,44.6,a,8,40.9002
a143,5.4,a,8,49.9626
a143,0,a,8,50.4
a143,76.3,a,8,31.4776
a143,8.4,a,8,49.4088
a144,5.4,a,8,44.9054
a144,24.5,a,8,43.087
a144,0,a,8,44.9
a144,14.5,a,8,43.1165
a144,76.3,a,8,41.1613
a144,8.4,a,8,44.6984
a144,111.3,a,8,40.3367
a144,44.5,a,8,42.6305
a146,8.5,a,2,55.1915
a146,76.4,a,2,55.0472
a146,14.6,a,2,55.1854
a146,24.6,a,2,51.0426
a146,111.5,a,2,55.423
a146,44.8,a,2,55.2448
a146,0,a,2,55.2
a146,5.5,a,2,55.2
a147,76.4,a,2,34.5232
a147,0,a,2,46.9
a147,44.8,a,2,40.2696
a147,8.5,a,2,46.0925
a147,111.5,a,2,34.0775
a147,24.6,a,2,43.21
a147,14.6,a,2,45.148
a147,5.4,a,2,46.4032
a149,24.6,a,4,41.981
a149,8.5,a,4,47.3015
a149,0,a,4,48.5
a149,76.4,a,4,34.0604
a149,44.7,a,4,31.4693
a149,14.5,a,4,45.4695
a149,5.4,a,4,47.7602
a149,111.4,a,4,34.575
a15,14.6,a,4,43.491
a15,76.3,a,4,39.3382
a15,111.4,a,4,37.8792
a15,44.7,a,4,39.6867
a15,24.5,a,4,42.2495
a15,0,a,4,45.9
a15,5.4,a,4,45.3816
a15,8.4,a,4,44.8752
a150,76.3,a,4,44.0324
a150,24.5,a,4,45.8685
a150,0,a,4,48
a150,44.6,a,4,45.0118
a150,8.4,a,4,47.1264
a150,14.5,a,4,46.5645
a150,111.4,a,4,43.6554
a150,5.4,a,4,47.4006
a154,24.6,a,2,45.3266
a154,8.5,a,2,47.48
a154,0,a,2,48.5
a154,111.5,a,2,39.4685
a154,5.5,a,2,48.0545
a154,14.6,a,2,46.3392
a154,44.8,a,2,41.2872
a154,76.4,a,2,39.2556
a156,8.5,a,4,42.6665
a156,111.5,a,4,27.768
a156,5.4,a,4,45.8304
a156,44.7,a,4,31.302
a156,14.6,a,4,39.5212
a156,76.4,a,4,27.7056
a156,24.6,a,4,30.4362
a156,0,a,4,46.5
a158,111.4,a,4,33.7144
a158,14.5,a,4,43.7485
a158,5.4,a,4,44.7168
a158,44.6,a,4,40.3494
a158,24.5,a,4,42.066
a158,0,a,4,45.3
a158,76.3,a,4,36.2966
a158,8.4,a,4,44.5356
a159,44.6,a,8,32.6416
a159,14.5,a,8,44.6195
a159,5.4,a,8,46.2
a159,111.4,a,8,14.2282
a159,76.3,a,8,18.8083
a159,24.5,a,8,41.2265
a159,0,a,8,46.2
a159,8.4,a,8,46.1244
a16,44.6,a,8,41.717
a16,111.4,a,8,38.9362
a16,24.5,a,8,43.2885
a16,0,a,8,46.4
a16,14.6,a,8,44.575
a16,5.4,a,8,45.6062
a16,8.4,a,8,45.2828
a16,76.3,a,8,39.9908
a160,8.4,a,8,57.1164
a160,111.3,a,8,42.7293
a160,14.5,a,8,55.822
a160,5.4,a,8,57.444
a160,0,a,8,58.2
a160,44.5,a,8,48.8105
a160,76.3,a,8,45.8394
a160,24.5,a,8,52.271
a162,44.8,a,2,41.8536
a162,111.5,a,2,44.033
a162,5.5,a,2,49.829
a162,76.4,a,2,41.7904
a162,14.6,a,2,48.4414
a162,0,a,2,50.5
a162,24.6,a,2,45.8506
a162,8.5,a,2,49.7095
a164,44.7,a,4,41.4323
a164,14.6,a,4,43.748
a164,5.4,a,4,45.4082
a164,76.4,a,4,40.4576
a164,111.4,a,4,38.259
a164,0,a,4,45.5
a164,24.6,a,4,43.0154
a164,8.5,a,4,44.6585
a165,0,a,4,45.3
a165,111.4,a,4,29.704
a165,44.7,a,4,26.7942
a165,76.4,a,4,30.784
a165,8.5,a,4,44.025
a165,24.6,a,4,39.1992
a165,5.4,a,4,44.3874
a165,14.5,a,4,42.4145
a166,76.3,a,4,21.2031
a166,111.4,a,4,38.5398
a166,0,a,4,48.9
a166,8.4,a,4,48.6396
a166,24.5,a,4,38.9285
a166,5.4,a,4,48.9054
a166,44.6,a,4,27.8934
a166,14.5,a,4,46.377
a167,8.4,a,8,44.5248
a167,5.4,a,8,44.7846
a167,76.3,a,8,38.6567
a167,44.6,a,8,39.5344
a167,0,a,8,45.6
a167,24.5,a,8,42.2925
a167,111.4,a,8,38.6932
a167,14.5,a,8,43.5555
a168,111.3,a,8,26.4417
a168,76.3,a,8,29.4643
a168,24.5,a,8,41.0605
a168,8.4,a,8,46.4148
a168,44.5,a,8,34.5725
a168,5.4,a,8,46.8846
a168,0,a,8,47.7
a168,14.5,a,8,44.075
a17,24.6,a,1,44.8604
a17,111.5,a,1,43.716
a17,76.5,a,1,43.5875
a17,14.6,a,1,44.8722
a17,8.5,a,1,45.126
a17,44.8,a,1,44.2904
a17,5.5,a,1,45.3295
a17,0,a,1,45.5
a170,111.5,a,2,36.4765
a170,76.4,a,2,31.2728
a170,8.5,a,2,44.887
a170,5.5,a,2,45.5475
a170,24.6,a,2,39.4136
a170,0,a,2,46.4
a170,44.8,a,2,31.3472
a170,14.6,a,2,42.6332
a171,8.5,a,2,46.8325
a171,76.4,a,2,35.3244
a171,5.4,a,2,48.2926
a171,111.5,a,2,32.721
a171,0,a,2,49
a171,14.6,a,2,42.0212
a171,24.6,a,2,34.5106
a171,44.8,a,2,30.632
a172,0,a,4,46.8
a172,14.6,a,4,45.2232
a172,76.4,a,4,39.7712
a172,44.7,a,4,40.3185
a172,5.4,a,4,46.8108
a172,111.4,a,4,39.1134
a172,24.6,a,4,43.9956
a172,8.5,a,4,46.6895
a173,24.6,a,4,46.2416
a173,44.7,a,4,43.883
a173,76.3,a,4,42.0093
a173,0,a,4,48.8
a173,8.5,a,4,47.984
a173,14.5,a,4,47.089
a173,111.4,a,4,39.9994
a173,5.4,a,4,48.476
a174,76.3,a,4,28.2169
a174,24.5,a,4,40.273
a174,8.4,a,4,45.1828
a174,111.4,a,4,30.2584
a174,5.4,a,4,45.6466
a174,0,a,4,46.3
a174,14.5,a,4,43.9075
a174,44.6,a,4,32.6078
a178,8.5,a,2,49.874
a178,111.5,a,2,40.496
a178,76.4,a,2,34.8504
a178,0,a,2,51.2
a178,14.6,a,2,47.3894
a178,5.5,a,2,50.3475
a178,24.6,a,2,43.9184
a178,44.8,a,2,33.3248
a179,111.5,a,2,27.784
a179,24.6,a,2,41.9778
a179,5.4,a,2,48.0192
a179,0,a,2,48.3
a179,76.4,a,2,36.3052
a179,14.6,a,2,45.1464
a179,44.7,a,2,36.4992
a179,8.5,a,2,47.0675
a180,14.6,a,4,41.4406
a180,5.4,a,4,43.4818
a180,8.5,a,4,42.5
a180,44.7,a,4,35.5282
a180,24.6,a,4,38.911
a180,111.4,a,4,30.275
a180,0,a,4,44.2
a180,76.4,a,4,33.886
a181,44.7,a,4,27.3223
a181,8.5,a,4,42.131
a181,111.4,a,4,30.9864
a181,14.5,a,4,36.7235
a181,24.6,a,4,30.4828
a181,76.3,a,4,26.1065
a181,5.4,a,4,44.2168
a181,0,a,4,44.8
a182,24.5,a,4,47.051
a182,111.4,a,4,32.7294
a182,76.3,a,4,37.4099
a182,8.4,a,4,46.2096
a182,14.5,a,4,45.2295
a182,5.4,a,4,46.3764
a182,44.6,a,4,40.2762
a182,0,a,4,47.1
a183,76.3,a,8,23.8175
a183,14.5,a,8,43.089
a183,111.4,a,8,27.8672
a183,24.5,a,8,40.978
a183,0,a,8,44.8
a183,5.4,a,8,44.3194
a183,8.4,a,8,43.792
a183,44.6,a,8,31.197
a184,24.5,a,8,53.5155
a184,76.3,a,8,49.0145
a184,8.4,a,8,54.954
a184,14.5,a,8,54.108
a184,111.3,a,8,49.8237
a184,0,a,8,55.5
a184,44.5,a,8,51.8065
a184,5.4,a,8,55.0572
a186,24.6,a,2,41.1756
a186,76.4,a,2,34.4604
a186,8.5,a,2,47.506
a186,111.5,a,2,40.3145
a186,14.6,a,2,45.5566
a186,44.8,a,2,35.1016
a186,0,a,2,48.9
a186,5.5,a,2,48.13
a187,24.6,a,2,27.9158
a187,5.4,a,2,45.1412
a187,8.5,a,2,43.5815
a187,14.6,a,2,38.427
a187,0,a,2,45.8
a187,76.4,a,2,24.79
a187,44.7,a,2,24.2099
a187,111.5,a,2,29.744
a189,76.3,a,4,25.799
a189,8.5,a,4,46.213
a189,24.6,a,4,41.6768
a189,14.5,a,4,46.2115
a189,5.4,a,4,46.4
a189,0,a,4,46.4
a189,111.4,a,4,17.3246
a189,44.7,a,4,35.3591
a19,14.6,a,2,47.4854
a19,0,a,2,47.5
a19,8.5,a,2,47.4915
a19,76.4,a,2,40.7004
a19,111.5,a,2,40.141
a19,44.8,a,2,39.7944
a19,5.5,a,2,47.511
a19,24.6,a,2,41.2762
a190,14.5,a,4,44.3645
a190,24.5,a,4,43.1785
a190,44.6,a,4,39.6452
a190,5.4,a,4,45.26
a190,111.4,a,4,32.3206
a190,76.3,a,4,33.8209
a190,0,a,4,45.8
a190,8.4,a,4,45.1028
a20,5.4,a,2,45.1088
a20,111.5,a,2,26.9565
a20,76.4,a,2,31.4368
a20,24.6,a,2,31.532
a20,8.5,a,2,41.754
a20,44.7,a,2,30.8255
a20,14.6,a,2,38.281
a20,0,a,2,45.8
a21,0,a,4,48
a21,76.4,a,4,29.1292
a21,111.4,a,4,36.5258
a21,14.6,a,4,40.5832
a21,5.4,a,4,47.6598
a21,8.5,a,4,46.0535
a21,44.7,a,4,30.0753
a21,24.6,a,4,35.9952
a23,111.4,a,4,35.817
a23,14.6,a,4,45.2174
a23,5.4,a,4,46.2326
a23,44.7,a,4,40.7678
a23,0,a,4,46.4
a23,8.4,a,4,45.5012
a23,24.5,a,4,42.7005
a23,76.3,a,4,40.9064
a24,14.6,a,8,40.977
a24,111.4,a,8,31.6662
a24,0,a,8,44.7
a24,5.4,a,8,43.782
a24,44.6,a,8,33.773
a24,8.4,a,8,42.8856
a24,24.5,a,8,38.281
a24,76.3,a,8,31.2712
a25,14.6,a,1,41.8742
a25,5.5,a,1,43.9985
a25,44.8,a,1,38.9792
a25,0,a,1,44.4
a25,24.6,a,1,43.7112
a25,8.5,a,1,43.312
a25,76.5,a,1,37.668
a25,111.5,a,1,39.048
a27,24.6,a,2,44.7052
a27,0,a,2,48.1
a27,5.5,a,2,48.0945
a27,76.4,a,2,33.202
a27,8.5,a,2,47.947
a27,111.5,a,2,36.504
a27,14.6,a,2,46.8152
a27,44.8,a,2,43.2616
a29,0,a,4,46.1
a29,5.4,a,4,45.5708
a29,76.4,a,4,33.6468
a29,111.4,a,4,31.3952
a29,8.5,a,4,44.9695
a29,24.6,a,4,38.843
a29,44.7,a,4,32.243
a29,14.6,a,4,43.4136
a3,8.5,a,2,47.696
a3,44.8,a,2,43.0616
a3,0,a,2,47.9
a3,76.4,a,2,31.3212
a3,5.5,a,2,47.8835
a3,24.6,a,2,43.1522
a3,14.6,a,2,45.9728
a3,111.5,a,2,36.1925
a35,76.4,a,2,38.7768
a35,24.6,a,2,42.302
a35,0,a,2,45.5
a35,5.5,a,2,44.9115
a35,111.5,a,2,36.134
a35,14.6,a,2,43.9378
a35,8.5,a,2,44.65
a35,44.8,a,2,40.0344
a36,76.4,a,2,35.3792
a36,24.6,a,2,37.8858
a36,0,a,2,44.7
a36,5.4,a,2,44.3706
a36,111.5,a,2,35.8915
a36,8.5,a,2,43.051
a36,14.6,a,2,41.8092
a36,44.7,a,2,35.1342
a37,24.6,a,4,33.6026
a37,5.4,a,4,47.0114
a37,76.4,a,4,24.4508
a37,8.5,a,4,44.1065
a37,0,a,4,47.6
a37,44.7,a,4,29.3177
a37,111.4,a,4,32.4496
a37,14.5,a,4,38.8565
a38,5.4,a,8,44.471
a38,0,a,8,45.2
a38,8.4,a,8,44.066
a38,44.6,a,8,36.2354
a38,24.6,a,8,39.3944
a38,111.4,a,8,30.6066
a38,14.5,a,8,42.503
a38,76.3,a,8,29.6348
a39,111.4,a,4,41.3124
a39,8.4,a,4,43.2436
a39,44.7,a,4,41.524
a39,5.4,a,4,44.668
a39,76.3,a,4,41.3613
a39,14.6,a,4,42.6618
a39,0,a,4,45.1
a39,24.5,a,4,41.8415
a40,76.3,a,8,38.1671
a40,5.4,a,8,43.906
a40,14.5,a,8,42.035
a40,8.4,a,8,42.5764
a40,111.4,a,8,37.5932
a40,0,a,8,44.5
a40,24.5,a,8,40.7515
a40,44.6,a,8,38.033
a41,44.8,a,1,36.8024
a41,111.5,a,1,39.833
a41,5.5,a,1,45.9315
a41,24.6,a,1,42.1426
a41,76.5,a,1,34.2895
a41,8.5,a,1,45.501
a41,0,a,1,46.3
a41,14.6,a,1,43.453
a43,0,a,2,48
a43,5.5,a,2,47.417
a43,14.6,a,2,46.4086
a43,8.5,a,2,47.1585
a43,44.8,a,2,41.3248
a43,76.4,a,2,37.9916
a43,111.5,a,2,32.613
a43,24.6,a,2,44.7282
a44,0,a,2,47.6
a44,14.6,a,2,44.6362
a44,8.5,a,2,46.1805
a44,44.7,a,2,32.7149
a44,5.4,a,2,46.8494
a44,111.5,a,2,31.544
a44,24.6,a,2,38.3258
a44,76.4,a,2,31.7088
a45,14.5,a,4,43.0985
a45,5.4,a,4,45.9272
a45,0,a,4,46.1
a45,44.7,a,4,34.478
a45,24.6,a,4,40.0976
a45,8.5,a,4,44.7655
a45,76.4,a,4,34.4108
a45,111.4,a,4,24.4884
a46,0,a,8,44.8
a46,76.3,a,8,29.54
a46,14.5,a,8,43.437
a46,44.6,a,8,39.7156
a46,5.4,a,8,44.8
a46,8.4,a,8,44.7076
a46,24.6,a,8,41.4298
a46,111.4,a,8,31.432
a47,0,a,4,44.1
a47,76.3,a,4,31.3579
a47,44.6,a,4,34.6002
a47,111.4,a,4,32.1802
a47,8.4,a,4,42.9576
a47,24.5,a,4,39.7635
a47,14.6,a,4,41.764
a47,5.4,a,4,43.695
a48,0,a,8,45
a48,44.6,a,8,38.3546
a48,8.4,a,8,43.0092
a48,76.3,a,8,38.896
a48,14.5,a,8,42.303
a48,111.3,a,8,38.7672
a48,5.4,a,8,44.3142
a48,24.5,a,8,40.1735
a49,0,a,1,50.8
a49,76.5,a,1,42.844
a49,44.8,a,1,44.5728
a49,14.6,a,1,48.7122
a49,5.5,a,1,50.338
a49,8.5,a,1,49.831
a49,111.5,a,1,43.9985
a49,24.6,a,1,47.2576
a51,76.4,a,2,45.8284
a51,111.5,a,2,41.957
a51,8.5,a,2,50.25
a51,24.6,a,2,48.763
a51,44.8,a,2,46.62
a51,5.5,a,2,50.5555
a51,0,a,2,51.1
a51,14.6,a,2,49.5816
a52,76.4,a,2,35.1884
a52,24.6,a,2,38.7766
a52,0,a,2,48.1
a52,8.5,a,2,46.6975
a52,44.7,a,2,34.3324
a52,14.6,a,2,44.961
a52,5.4,a,2,47.4034
a52,111.5,a,2,35.5005
a53,24.6,a,4,37.9986
a53,76.4,a,4,33.758
a53,5.4,a,4,44.574
a53,14.5,a,4,42.6565
a53,0,a,4,45.6
a53,44.7,a,4,29.9103
a53,8.5,a,4,44.019
a53,111.4,a,4,34.0144
a54,5.4,a,8,46.679
a54,76.3,a,8,25.3256
a54,44.6,a,8,31.1548
a54,24.6,a,8,33.5978
a54,8.4,a,8,44.1584
a54,111.4,a,8,17.4448
a54,0,a,8,47.3
a54,14.5,a,8,39.0495
a55,5.4,a,4,45.9736
a55,44.6,a,4,42.3184
a55,0,a,4,46.6
a55,111.4,a,4,41.1414
a55,24.5,a,4,44.1255
a55,14.6,a,4,44.921
a55,8.4,a,4,45.8356
a55,76.3,a,4,39.8093
a57,111.5,a,1,37.2525
a57,24.6,a,1,39.1372
a57,76.5,a,1,33.943
a57,0,a,1,44.5
a57,8.5,a,1,43.4035
a57,5.5,a,1,43.972
a57,14.6,a,1,41.4048
a57,44.8,a,1,37.108
a59,5.5,a,2,48.0565
a59,0,a,2,48.7
a59,8.5,a,2,47.153
a59,111.5,a,2,28.2955
a59,14.6,a,2,45.8092
a59,24.6,a,2,43.1158
a59,44.8,a,2,34.0504
a59,76.4,a,2,37.9276
a60,14.6,a,2,41.4698
a60,0,a,2,44.2
a60,44.7,a,2,34.7236
a60,24.6,a,2,38.3452
a60,111.5,a,2,32.2695
a60,76.4,a,2,33.0456
a60,5.4,a,2,43.8274
a60,8.5,a,2,42.126
a61,44.7,a,4,41.6346
a61,23.8,a,4,43.1342
a61,14.5,a,4,43.8935
a61,76.4,a,4,41.098
a61,111.4,a,4,38.059
a61,0,a,4,45.3
a61,8.5,a,4,44.5945
a61,5.4,a,4,44.787
a62,24.6,a,8,38.1868
a62,76.3,a,8,32.4845
a62,5.4,a,8,45.7414
a62,44.6,a,8,35.0932
a62,8.4,a,8,45.4156
a62,14.5,a,8,43.9175
a62,0,a,8,46.6
a62,111.4,a,8,35.9056
a63,24.5,a,4,42.219
a63,44.6,a,4,38.8654
a63,76.3,a,4,36.8255
a63,14.6,a,4,43.629
a63,0,a,4,45.6
a63,8.4,a,4,44.928
a63,111.4,a,4,36.5766
a63,5.4,a,4,44.979
a64,44.6,a,8,36.128
a64,0,a,8,50.4
a64,8.4,a,8,49.1736
a64,14.5,a,8,46.891
a64,24.5,a,8,41.8985
a64,5.4,a,8,49.59
a64,76.3,a,8,29.8753
a64,111.3,a,8,35.7084
a66,5.5,a,2,42.7055
a66,24.6,a,2,42.5032
a66,76.4,a,2,37.0464
a66,0,a,2,42.7
a66,44.8,a,2,32.8888
a66,14.6,a,2,42.5978
a66,111.5,a,2,37.9055
a66,8.5,a,2,42.666
a67,76.4,a,4,33.3872
a67,0,a,4,45
a67,24.6,a,4,38.0136
a67,111.5,a,4,33.5155
a67,5.4,a,4,44.6922
a67,14.6,a,4,41.9778
a67,44.7,a,4,34.1826
a67,8.5,a,4,43.3595
a69,5.4,a,4,55.8108
a69,24.6,a,4,50.511
a69,44.7,a,4,35.238
a69,14.5,a,4,55.684
a69,76.4,a,4,31.4284
a69,0,a,4,55.8
a69,8.5,a,4,55.783
a69,111.4,a,4,37.5304
a70,76.3,a,8,41.7197
a70,44.6,a,8,43.44
a70,5.4,a,8,47.387
a70,14.5,a,8,46.4645
a70,8.4,a,8,47.2112
a70,24.6,a,8,44.6036
a70,0,a,8,47.9
a70,111.4,a,8,39.9906
a71,76.3,a,4,39.2775
a71,24.5,a,4,42.354
a71,14.6,a,4,43.4232
a71,111.4,a,4,40.9896
a71,5.4,a,4,44.9676
a71,0,a,4,45
a71,44.6,a,4,41.2982
a71,8.4,a,4,44.5128
a72,44.6,a,8,34.9176
a72,76.3,a,8,28.3273
a72,5.4,a,8,45.0548
a72,14.5,a,8,42.7115
a72,111.3,a,8,34.4474
a72,24.5,a,8,37.8865
a72,8.4,a,8,44.6576
a72,0,a,8,45.8
a73,76.5,a,1,43.582
a73,44.8,a,1,43.8728
a73,5.5,a,1,44.511
a73,24.6,a,1,44.2048
a73,0,a,1,44.5
a73,111.5,a,1,43.7195
a73,14.6,a,1,44.0766
a73,8.5,a,1,44.3045
a75,5.4,a,4,46.371
a75,76.4,a,4,33.6536
a75,24.6,a,4,38.9574
a75,44.7,a,4,33.1983
a75,111.5,a,4,31.49
a75,14.6,a,4,44.3114
a75,0,a,4,47.1
a75,8.5,a,4,45.706
a76,76.4,a,2,41.4992
a76,44.7,a,2,42.3065
a76,5.4,a,2,46.4168
a76,14.6,a,2,45.6422
a76,0,a,2,47
a76,111.5,a,2,39.418
a76,8.5,a,2,45.997
a76,24.6,a,2,44.2202
a77,0,a,4,44.5
a77,44.7,a,4,36.3646
a77,14.5,a,4,40.875
a77,5.4,a,4,44.0086
a77,76.4,a,4,34.7208
a77,8.5,a,4,42.953
a77,24.6,a,4,38.842
a77,111.4,a,4,34.3626
a78,14.5,a,8,39.4345
a78,76.3,a,8,28.1747
a78,8.4,a,8,42.6584
a78,0,a,8,45.8
a78,44.6,a,8,30.1454
a78,111.4,a,8,34.103
a78,5.4,a,8,44.9198
a78,24.6,a,8,34.0412
a79,111.4,a,4,37.402
a79,44.6,a,4,34.9866
a79,76.3,a,4,37.7989
a79,14.6,a,4,41.6814
a79,5.4,a,4,44.471
a79,8.4,a,4,42.7808
a79,0,a,4,45.2
a79,24.5,a,4,38.732
a80,44.6,a,8,39.6954
a80,24.5,a,8,42.2155
a80,76.3,a,8,41.0717
a80,111.3,a,8,42.0853
a80,0,a,8,44.2
a80,5.4,a,8,44.2
a80,14.5,a,8,43.736
a80,8.4,a,8,44.1412
a83,111.5,a,4,31.0255
a83,0,a,4,49.2
a83,14.6,a,4,47.5794
a83,44.7,a,4,41.9586
a83,8.5,a,4,48.4775
a83,24.6,a,4,44.403
a83,76.4,a,4,42.4004
a83,5.4,a,4,48.8598
a85,14.5,a,4,44.631
a85,8.5,a,4,45.5245
a85,5.4,a,4,45.725
a85,111.4,a,4,33.2548
a85,0,a,4,46.4
a85,76.4,a,4,34.6344
a85,44.7,a,4,40.2314
a85,24.6,a,4,43.3988
a86,76.3,a,4,38.0781
a86,5.4,a,4,46.1438
a86,14.5,a,4,44.931
a86,44.6,a,4,41.794
a86,8.4,a,4,45.8516
a86,24.6,a,4,43.4528
a86,111.4,a,4,35.7828
a86,0,a,4,46.7
a87,44.6,a,8,35.3176
a87,24.5,a,8,39.8055
a87,76.3,a,8,37.7307
a87,111.4,a,8,37.0652
a87,0,a,8,46.2
a87,5.4,a,8,45.363
a87,14.6,a,8,43.3238
a87,8.4,a,8,44.016
a88,14.5,a,8,40.8735
a88,111.3,a,8,29.2406
a88,44.6,a,8,30.328
a88,76.3,a,8,25.525
a88,24.5,a,8,37.2745
a88,5.4,a,8,43.7792
a88,8.4,a,8,42.9284
a88,0,a,8,44.6
a9,14.6,a,1,49.5516
a9,76.5,a,1,42.8495
a9,0,a,1,51.8
a9,8.5,a,1,51.0775
a9,111.5,a,1,47.4515
a9,44.8,a,1,47.32
a9,5.5,a,1,51.382
a9,24.6,a,1,48.5774
a91,0,a,4,49.2
a91,14.6,a,4,46.5866
a91,44.7,a,4,38.0697
a91,5.4,a,4,48.8652
a91,76.4,a,4,37.2052
a91,24.6,a,4,43.4436
a91,8.5,a,4,47.551
a91,111.5,a,4,36.1545
a92,14.6,a,2,44.5298
a92,44.7,a,2,38.5139
a92,0,a,2,45.8
a92,111.5,a,2,34.427
a92,24.6,a,2,45.8
a92,76.4,a,2,16.004
a92,8.5,a,2,45.6895
a92,5.4,a,2,45.8108
a93,44.7,a,4,44.971
a93,111.4,a,4,43.8668
a93,24.6,a,4,46.624
a93,0,a,4,48.1
a93,8.5,a,4,47.4115
a93,14.5,a,4,46.94
a93,5.4,a,4,47.9056
a93,76.4,a,4,44.3564
a94,44.6,a,4,41.0846
a94,24.6,a,4,42.302
a94,0,a,4,45.5
a94,111.4,a,4,35.9196
a94,14.5,a,4,43.789
a94,76.3,a,4,37.87
a94,8.4,a,4,44.6768
a94,5.4,a,4,44.8628
a95,111.4,a,8,39.445
a95,44.6,a,8,39.3706
a95,14.6,a,8,45.2158
a95,0,a,8,47.8
a95,24.5,a,8,42.312
a95,76.3,a,8,39.1018
a95,5.4,a,8,47.2978
a95,8.4,a,8,46.3888
a96,44.6,a,8,41.341
a96,8.4,a,8,47.524
a96,111.3,a,8,41.0203
a96,76.3,a,8,41.5278
a96,0,a,8,48.7
a96,24.5,a,8,43.0895
a96,14.5,a,8,45.597
a96,5.4,a,8,48.5434
a97,0,a,1,45.6
a97,111.5,a,1,41.2515
a97,14.6,a,1,42.1106
a97,44.8,a,1,38.88
a97,24.6,a,1,39.4008
a97,76.5,a,1,37.7205
a97,8.5,a,1,44.223
a97,5.5,a,1,45.4295
a98,0,a,2,45.4
a98,44.8,a,2,40.3824
a98,111.5,a,2,41.2745
a98,5.5,a,2,44.9435
a98,24.6,a,2,41.095
a98,8.5,a,2,44.703
a98,14.6,a,2,43.8816
a98,76.4,a,2,39.67
s1,44.9,s,1,47.5713
s1,9.5,s,1,49.317
s1,24.8,s,1,48.3168
s1,76.6,s,1,47.1062
s1,0,s,1,50.4
s1,14.8,s,1,48.9052
s1,111.6,s,1,47.3868
s1,6.5,s,1,49.4705
s101,44.7,s,4,47.3738
s101,0,s,4,53.9
s101,24.7,s,4,47.7003
s101,9.5,s,4,52.6365
s101,111.5,s,4,46.764
s101,6.5,s,4,53.51
s101,14.7,s,4,50.5925
s101,76.6,s,4,47.2358
s103,0,s,8,50
s103,6.4,s,8,49.6864
s103,76.5,s,8,43.8035
s103,14.7,s,8,47.0159
s103,24.6,s,8,43.2842
s103,44.7,s,8,44.9489
s103,111.4,s,8,44.2072
s103,9.7,s,8,48.8554
s104,76.5,s,8,45.197
s104,0,s,8,53
s104,44.6,s,8,47.1574
s104,111.4,s,8,46.0932
s104,24.6,s,8,48.8918
s104,6.5,s,8,50.9525
s104,9.6,s,8,51.224
s104,14.7,s,8,50.4275
s106,0,s,2,51.4
s106,111.6,s,2,44.4808
s106,24.7,s,2,46.8305
s106,44.9,s,2,44.7997
s106,9.5,s,2,49.348
s106,76.6,s,2,44.2762
s106,6.4,s,2,49.5696
s106,14.8,s,2,48.3364
s108,76.6,s,2,43.6954
s108,44.8,s,2,44.9272
s108,111.5,s,2,42.318
s108,0,s,2,49.9
s108,6.4,s,2,48.1784
s108,24.7,s,2,45.5775
s108,14.8,s,2,47.1176
s108,9.5,s,2,48.589
s110,44.7,s,4,32.1523
s110,76.5,s,4,36.1225
s110,6.4,s,4,53.9976
s110,0,s,4,54.1
s110,14.7,s,4,44.8978
s110,9.5,s,4,52.941
s110,111.4,s,4,42.96
s110,24.6,s,4,39.9058
s111,6.4,s,8,49.8848
s111,9.7,s,8,48.3025
s111,14.7,s,8,40.3715
s111,24.6,s,8,36.7652
s111,0,s,8,50
s111,44.7,s,8,31.0025
s111,111.4,s,8,40.1968
s111,76.5,s,8,34.6235
s113,9.5,s,1,49.786
s113,24.8,s,1,46.5272
s113,76.6,s,1,46.2232
s113,44.9,s,1,44.9161
s113,111.6,s,1,44.6548
s113,6.4,s,1,49.9128
s113,14.8,s,1,49.1748
s113,0,s,1,49.9
s116,6.4,s,2,49.5936
s116,44.8,s,2,46.0928
s116,24.7,s,2,47.2974
s116,14.8,s,2,48.24
s116,0,s,2,51.2
s116,111.5,s,2,40.942
s116,9.5,s,2,49.5945
s116,76.6,s,2,45.2252
s118,24.6,s,4,48.7046
s118,111.4,s,4,45.245
s118,0,s,4,53.6
s118,44.7,s,4,46.5821
s118,14.7,s,4,50.8952
s118,9.5,s,4,52.175
s118,6.4,s,4,52.8192
s118,76.5,s,4,44.9555
s12,0,s,2,51.7
s12,44.8,s,2,45.4728
s12,9.5,s,2,50.028
s12,111.5,s,2,44.0065
s12,24.7,s,2,46.7353
s12,76.6,s,2,43.1208
s12,6.4,s,2,50.0616
s12,14.8,s,2,48.6808
s120,0,s,8,51.2
s120,76.5,s,8,44.3915
s120,24.6,s,8,47.9282
s120,9.6,s,8,49.4624
s120,44.6,s,8,45.4912
s120,111.4,s,8,44.7388
s120,14.7,s,8,48.848
s120,6.5,s,8,49.484
s121,24.8,s,1,41.724
s121,111.6,s,1,39.74
s121,76.6,s,1,40.4824
s121,9.5,s,1,50.121
s121,14.8,s,1,47.3184
s121,44.9,s,1,40.124
s121,0,s,1,50.9
s121,6.4,s,1,50.74
s122,14.8,s,2,46.5064
s122,0,s,2,49.2
s122,44.9,s,2,41.8813
s122,76.6,s,2,41.2336
s122,24.7,s,2,44.8528
s122,9.5,s,2,47.167
s122,6.4,s,2,47.3824
s122,111.6,s,2,41.2764
s124,14.8,s,2,49.3624
s124,76.6,s,2,45.989
s124,0,s,2,52.5
s124,24.7,s,2,47.8317
s124,6.4,s,2,50.836
s124,44.8,s,2,46.6312
s124,9.5,s,2,50.9135
s124,111.5,s,2,46.256
s126,76.5,s,4,43.3915
s126,24.6,s,4,45.4522
s126,14.7,s,4,47.6275
s126,44.7,s,4,43.1374
s126,0,s,4,50.2
s126,9.5,s,4,48.737
s126,6.4,s,4,48.856
s126,111.4,s,4,41.7336
s127,0,s,8,54.5
s127,14.7,s,8,49.7813
s127,44.7,s,8,50.6111
s127,76.5,s,8,47.921
s127,9.7,s,8,53.3069
s127,24.6,s,8,49.7276
s127,6.4,s,8,53.956
s127,111.4,s,8,46.9248
s128,0,s,8,50.7
s128,6.5,s,8,48.62
s128,44.6,s,8,45.0358
s128,14.6,s,8,48.0866
s128,9.6,s,8,48.876
s128,111.4,s,8,43.9046
s128,76.5,s,8,43.8915
s128,24.6,s,8,46.6164
s130,6.4,s,2,49.632
s130,14.8,s,2,46.8776
s130,0,s,2,50.4
s130,76.6,s,2,36.4588
s130,9.5,s,2,49.0415
s130,44.9,s,2,37.8729
s130,24.7,s,2,43.3111
s130,111.6,s,2,34.8876
s131,14.8,s,2,48.8728
s131,0,s,2,51.3
s131,6.4,s,2,51.1208
s131,9.5,s,2,50.673
s131,44.8,s,2,42.0264
s131,24.7,s,2,46.0636
s131,76.6,s,2,42.108
s131,111.5,s,2,40.9305
s136,24.6,s,8,42.9076
s136,111.4,s,8,39.5662
s136,44.6,s,8,31.9056
s136,6.5,s,8,52.054
s136,14.6,s,8,44.4678
s136,76.5,s,8,34.699
s136,0,s,8,52.6
s136,9.6,s,8,49.1824
s139,9.5,s,2,50.1465
s139,14.8,s,2,49.4688
s139,111.5,s,2,42.5685
s139,0,s,2,51.6
s139,44.8,s,2,46.9408
s139,24.7,s,2,48.0926
s139,76.6,s,2,44.6294
s139,6.4,s,2,49.6928
s140,14.7,s,4,50.4706
s140,111.5,s,4,25.4125
s140,24.7,s,4,49.1909
s140,6.4,s,4,50.5256
s140,76.6,s,4,27.7498
s140,9.5,s,4,50.4905
s140,44.8,s,4,33.1624
s140,0,s,4,50.5
s141,6.4,s,4,53.132
s141,24.7,s,4,NA
s141,0,s,4,53.1
s141,14.7,s,4,53.1147
s141,9.5,s,4,53.119
s141,44.7,s,4,36.4716
s141,111.5,s,4,53.323
s141,76.5,s,4,48.2805
s143,24.6,s,8,43.066
s143,0,s,8,50.2
s143,9.6,s,8,50.1808
s143,111.4,s,8,39.06
s143,44.7,s,8,38.6227
s143,6.4,s,8,50.232
s143,76.5,s,8,40.4845
s143,14.7,s,8,49.3621
s147,9.5,s,2,49.3895
s147,24.7,s,2,47.3679
s147,44.8,s,2,44.852
s147,0,s,2,50.9
s147,76.6,s,2,43.3932
s147,111.5,s,2,42.426
s147,14.8,s,2,48.532
s147,6.4,s,2,49.012
s149,9.5,s,4,51.2245
s149,44.7,s,4,51.7682
s149,24.7,s,4,NA
s149,0,s,4,51.5
s149,76.5,s,4,51.653
s149,111.5,s,4,51.723
s149,14.7,s,4,49.3979
s149,6.4,s,4,51.5
s15,0,s,4,53.5
s15,24.6,s,4,36.5752
s15,14.7,s,4,45.0181
s15,76.5,s,4,25.195
s15,6.4,s,4,53.5
s15,111.4,s,4,33.1138
s15,9.7,s,4,52.7143
s15,44.7,s,4,29.4067
s150,24.6,s,4,45.0104
s150,9.5,s,4,50.299
s150,14.7,s,4,47.9045
s150,44.7,s,4,41.9213
s150,0,s,4,51.8
s150,6.4,s,4,50.7312
s150,76.5,s,4,40.4015
s150,111.4,s,4,38.989
s151,9.6,s,8,51.0432
s151,24.6,s,8,48.5442
s151,0,s,8,52.8
s151,44.7,s,8,47.2572
s151,6.4,s,8,50.9824
s151,76.5,s,8,45.609
s151,111.4,s,8,43.331
s151,14.7,s,8,50.3745
s154,0,s,2,52
s154,6.4,s,2,51.4816
s154,44.9,s,2,37.6769
s154,14.8,s,2,48.4924
s154,111.6,s,2,38.608
s154,9.5,s,2,50.708
s154,76.6,s,2,37.2928
s154,24.7,s,2,44.0466
s156,6.4,s,4,50.672
s156,14.7,s,4,41.9506
s156,44.8,s,4,30.1472
s156,9.5,s,4,49.2705
s156,76.6,s,4,35.4034
s156,111.5,s,4,36.082
s156,0,s,4,50.8
s156,24.7,s,4,38.6229
s158,6.4,s,4,50.6224
s158,14.7,s,4,49.9687
s158,44.7,s,4,45.8503
s158,111.4,s,4,46.5844
s158,9.5,s,4,50.928
s158,76.5,s,4,45.256
s158,24.6,s,4,48.2212
s158,0,s,4,52.6
s159,14.7,s,8,47.1159
s159,9.6,s,8,48.804
s159,44.7,s,8,45.1383
s159,76.5,s,8,44.0565
s159,24.6,s,8,44.7864
s159,0,s,8,50.1
s159,6.4,s,8,49.6648
s159,111.4,s,8,45.3098
s16,111.4,s,8,41.645
s16,24.6,s,8,44.342
s16,9.6,s,8,48.0896
s16,44.6,s,8,42.9978
s16,14.7,s,8,45.7958
s16,6.4,s,8,48.6112
s16,0,s,8,50
s16,76.5,s,8,41.585
s160,44.6,s,8,48.4264
s160,111.4,s,8,47.473
s160,6.4,s,8,52.4992
s160,0,s,8,53.6
s160,76.5,s,8,46.868
s160,9.6,s,8,51.7472
s160,14.6,s,8,51.2786
s160,24.6,s,8,49.7378
s162,14.8,s,2,46.9064
s162,76.6,s,2,42.323
s162,9.5,s,2,47.7855
s162,0,s,2,49.6
s162,6.4,s,2,48.0256
s162,44.9,s,2,42.865
s162,111.6,s,2,42.904
s162,24.7,s,2,44.6353
s165,9.5,s,4,49.1275
s165,0,s,4,50.6
s165,111.5,s,4,42.4605
s165,76.5,s,4,37.289
s165,24.7,s,4,NA
s165,14.7,s,4,41.4125
s165,44.7,s,4,31.6472
s165,6.4,s,4,50.5232
s167,0,s,8,50.6
s167,9.7,s,8,48.757
s167,6.4,s,8,50.344
s167,111.4,s,8,39.3486
s167,24.6,s,8,37.9064
s167,44.7,s,8,24.3611
s167,76.5,s,8,32.0105
s167,14.7,s,8,42.7796
s170,76.6,s,2,42.9826
s170,111.6,s,2,43.4388
s170,9.5,s,2,48.071
s170,24.7,s,2,45.9221
s170,0,s,2,49.8
s170,44.9,s,2,43.4691
s170,6.4,s,2,48.0976
s170,14.8,s,2,47.0768
s171,76.6,s,2,33.865
s171,9.5,s,2,50.91
s171,111.5,s,2,38.166
s171,0,s,2,51.1
s171,24.7,s,2,34.7239
s171,44.8,s,2,33.404
s171,6.4,s,2,51.1256
s171,14.8,s,2,46.586
s172,9.5,s,4,49.6075
s172,44.8,s,4,41.6504
s172,76.6,s,4,40.742
s172,111.5,s,4,36.7625
s172,14.7,s,4,47.8629
s172,0,s,4,50.7
s172,24.7,s,4,42.6972
s172,6.4,s,4,50.156
s173,111.5,s,4,41.703
s173,9.5,s,4,48.7755
s173,76.5,s,4,43.056
s173,24.7,s,4,NA
s173,44.7,s,4,43.6056
s173,6.4,s,4,48.8128
s173,0,s,4,50.4
s173,14.7,s,4,47.6658
s174,111.4,s,4,40.26
s174,76.5,s,4,41.302
s174,6.4,s,4,51.4256
s174,14.7,s,4,50.2387
s174,24.6,s,4,43.774
s174,0,s,4,51.4
s174,44.7,s,4,39.4204
s174,9.4,s,4,51.3248
s175,6.4,s,8,53.032
s175,111.4,s,8,21.9194
s175,0,s,8,53
s175,14.7,s,8,53.0147
s175,9.7,s,8,53.0097
s175,44.7,s,8,45.9374
s175,76.5,s,8,28.1375
s175,24.6,s,8,52.9754
s178,44.9,s,2,21.1232
s178,9.5,s,2,48.018
s178,24.7,s,2,35.2234
s178,6.4,s,2,49.4104
s178,111.6,s,2,31.8672
s178,76.6,s,2,24.5284
s178,14.8,s,2,46.7916
s178,0,s,2,49.5
s180,9.5,s,4,50.0755
s180,14.7,s,4,48.5983
s180,76.6,s,4,45.4954
s180,24.7,s,4,47.1552
s180,111.5,s,4,43.5605
s180,6.4,s,4,49.9592
s180,0,s,4,51.7
s180,44.8,s,4,45.9208
s181,9.5,s,4,48.9205
s181,24.7,s,4,NA
s181,111.5,s,4,45.486
s181,76.5,s,4,34.2765
s181,0,s,4,49.5
s181,44.7,s,4,37.9674
s181,14.7,s,4,42.4293
s181,6.4,s,4,49.4936
s182,76.5,s,4,46.203
s182,0,s,4,53.7
s182,24.6,s,4,48.8292
s182,44.7,s,4,47.1291
s182,111.4,s,4,45.6792
s182,6.4,s,4,51.7608
s182,9.4,s,4,52.29
s182,14.7,s,4,50.9364
s183,44.7,s,8,44.9282
s183,14.7,s,8,50.3366
s183,0,s,8,53.6
s183,76.5,s,8,41.2835
s183,9.7,s,8,52.3487
s183,6.4,s,8,52.9664
s183,24.6,s,8,45.1622
s183,111.4,s,8,39.2294
s184,9.6,s,8,50.3224
s184,14.6,s,8,49.8472
s184,24.6,s,8,48.5608
s184,111.4,s,8,46.3958
s184,0,s,8,52.3
s184,76.5,s,8,45.415
s184,6.4,s,8,50.2712
s184,44.6,s,8,46.5912
s186,24.7,s,2,45.2528
s186,9.5,s,2,47.776
s186,111.6,s,2,42.346
s186,14.8,s,2,46.8768
s186,76.6,s,2,42.1698
s186,44.9,s,2,43.2242
s186,6.4,s,2,47.9296
s186,0,s,2,49.6
s187,111.5,s,2,43.273
s187,76.6,s,2,25.2452
s187,9.5,s,2,52.281
s187,44.8,s,2,33.5024
s187,24.7,s,2,46.6171
s187,6.4,s,2,53.5792
s187,0,s,2,54.2
s187,14.8,s,2,48.946
s188,24.7,s,4,47.1847
s188,111.5,s,4,42.065
s188,76.6,s,4,43.9038
s188,9.5,s,4,50.5135
s188,44.8,s,4,45.2008
s188,14.7,s,4,48.8513
s188,6.4,s,4,50.34
s188,0,s,4,52.1
s190,24.6,s,4,45.7656
s190,0,s,4,49.8
s190,14.7,s,4,47.3157
s190,111.4,s,4,44.5642
s190,9.4,s,4,48.5122
s190,6.4,s,4,48.1104
s190,76.5,s,4,44.8275
s190,44.7,s,4,44.3466
s20,24.7,s,2,34.8673
s20,9.5,s,2,48.9045
s20,76.6,s,2,33.848
s20,14.8,s,2,40.6508
s20,44.8,s,2,27.8968
s20,111.5,s,2,36.651
s20,0,s,2,50.7
s20,6.4,s,2,50.54
s23,24.6,s,4,51.8754
s23,76.5,s,4,29.562
s23,14.7,s,4,51.8412
s23,44.7,s,4,35.5845
s23,6.4,s,4,51.9448
s23,9.7,s,4,51.9194
s23,0,s,4,51.9
s23,111.4,s,4,26.278
s25,44.9,s,1,40.9118
s25,14.8,s,1,48.8056
s25,111.6,s,1,35.5224
s25,0,s,1,50.7
s25,6.5,s,1,49.764
s25,76.6,s,1,36.146
s25,24.8,s,1,44.7232
s25,9.5,s,1,49.579
s28,44.8,s,2,42.316
s28,14.8,s,2,48.688
s28,111.5,s,2,38.789
s28,24.7,s,2,44.9792
s28,6.4,s,2,51.0328
s28,76.6,s,2,41.7718
s28,0,s,2,51.5
s28,9.5,s,2,50.455
s29,14.7,s,4,50.4385
s29,6.5,s,4,51.1325
s29,9.5,s,4,51.1095
s29,111.5,s,4,39.8385
s29,76.6,s,4,39.6866
s29,24.7,s,4,44.2581
s29,0,s,4,51.1
s29,44.7,s,4,38.9416
s31,6.4,s,4,50.608
s31,44.7,s,4,47.0406
s31,76.5,s,4,46.092
s31,24.6,s,4,48.1314
s31,111.4,s,4,45.9186
s31,14.7,s,4,49.2774
s31,0,s,4,51.6
s31,9.7,s,4,49.9898
s33,44.9,s,1,46.7264
s33,111.6,s,1,46.252
s33,14.8,s,1,48.3272
s33,6.5,s,1,48.6445
s33,0,s,1,49.6
s33,76.6,s,1,46.536
s33,24.8,s,1,47.6904
s33,9.5,s,1,48.498
s35,44.8,s,2,45.0048
s35,6.4,s,2,50.8608
s35,111.5,s,2,43.5455
s35,14.8,s,2,50.358
s35,9.5,s,2,51.242
s35,76.6,s,2,44.757
s35,24.7,s,2,48.6257
s35,0,s,2,52.8
s37,111.5,s,4,29.6045
s37,14.7,s,4,45.2593
s37,6.5,s,4,53.787
s37,24.7,s,4,38.2637
s37,9.5,s,4,52.926
s37,76.6,s,4,24.4622
s37,0,s,4,53.8
s37,44.7,s,4,29.1703
s38,6.4,s,8,51.4256
s38,9.5,s,8,51.3525
s38,24.7,s,8,32.875
s38,76.6,s,8,33.399
s38,0,s,8,51.4
s38,111.5,s,8,38.912
s38,44.7,s,8,25.6528
s38,14.7,s,8,49.5037
s39,76.5,s,4,32.057
s39,0,s,4,52.1
s39,24.6,s,4,34.7078
s39,44.7,s,4,27.6491
s39,9.7,s,4,51.7411
s39,111.4,s,4,41.4056
s39,14.7,s,4,45.2498
s39,6.4,s,4,52.1128
s4,44.8,s,2,48.9952
s4,76.6,s,2,48.0338
s4,111.5,s,2,46.825
s4,14.8,s,2,50.6388
s4,9.5,s,2,52.4095
s4,0,s,2,52.4
s4,6.4,s,2,52.432
s4,24.7,s,2,45.1876
s40,0,s,8,51.5
s40,76.5,s,8,25.5665
s40,24.6,s,8,35.1656
s40,9.6,s,8,51.0104
s40,6.4,s,8,51.5
s40,111.4,s,8,36.5724
s40,44.6,s,8,27.3268
s40,14.7,s,8,44.3705
s41,76.6,s,1,45.504
s41,24.8,s,1,47.2976
s41,14.8,s,1,48.5904
s41,0,s,1,50.1
s41,44.9,s,1,44.9814
s41,9.5,s,1,49.834
s41,111.6,s,1,44.7432
s41,6.5,s,1,50.1065
s43,76.6,s,2,47.3996
s43,111.5,s,2,46.795
s43,9.5,s,2,53.1655
s43,0,s,2,54.6
s43,14.8,s,2,52.0988
s43,24.7,s,2,50.9197
s43,6.4,s,2,52.584
s43,44.8,s,2,48.7312
s44,9.5,s,2,49.4
s44,0,s,2,49.4
s44,44.8,s,2,39.3648
s44,6.4,s,2,49.4384
s44,24.7,s,2,49.2765
s44,111.5,s,2,37.0235
s44,14.8,s,2,49.3704
s44,76.6,s,2,35.8418
s47,44.7,s,4,48.1019
s47,6.4,s,4,52.0064
s47,111.4,s,4,46.0248
s47,76.5,s,4,47.633
s47,9.7,s,4,52.6009
s47,0,s,4,53.6
s47,14.7,s,4,51.8654
s47,24.6,s,4,50.0084
s48,111.4,s,8,44.2968
s48,76.5,s,8,34.5925
s48,44.6,s,8,32.469
s48,0,s,8,54.1
s48,14.7,s,8,44.8243
s48,6.4,s,8,53.8696
s48,9.6,s,8,52.2664
s48,24.6,s,8,41.7508
s49,9.5,s,1,48.6955
s49,14.8,s,1,47.7104
s49,44.9,s,1,44.3242
s49,111.6,s,1,42.888
s49,0,s,1,50.7
s49,24.8,s,1,45.8144
s49,76.6,s,1,44.189
s49,6.5,s,1,49.426
s51,6.4,s,2,52.348
s51,0,s,2,54.3
s51,111.5,s,2,45.826
s51,76.6,s,2,46.1038
s51,44.8,s,2,47.804
s51,9.5,s,2,52.6375
s51,24.7,s,2,50.0269
s51,14.8,s,2,51.636
s52,0,s,2,50.3
s52,44.8,s,2,39.6824
s52,9.5,s,2,48.8845
s52,6.4,s,2,49.9864
s52,111.5,s,2,35.9165
s52,14.8,s,2,45.9192
s52,76.6,s,2,32.9118
s52,24.7,s,2,42.396
s53,14.7,s,4,47.1542
s53,6.5,s,4,48.4995
s53,111.5,s,4,41.603
s53,0,s,4,50.3
s53,76.6,s,4,43.7124
s53,44.7,s,4,43.8632
s53,24.7,s,4,44.7425
s53,9.5,s,4,48.7515
s55,9.7,s,4,50.454
s55,0,s,4,52.2
s55,44.7,s,4,44.601
s55,6.4,s,4,50.568
s55,14.7,s,4,49.0248
s55,76.5,s,4,44.3205
s55,111.4,s,4,43.6222
s55,24.6,s,4,47.1816
s56,0,s,8,52.1
s56,76.5,s,8,32.975
s56,111.4,s,8,35.5014
s56,9.6,s,8,52.1
s56,6.4,s,8,52.132
s56,14.7,s,8,52.1
s56,44.6,s,8,30.8704
s56,24.6,s,8,51.6818
s57,0,s,1,50
s57,9.5,s,1,48.784
s57,6.5,s,1,48.999
s57,14.8,s,1,48.6532
s57,76.6,s,1,47.0126
s57,24.8,s,1,47.9168
s57,111.6,s,1,50.6696
s57,44.9,s,1,46.857
s59,0,s,2,54.3
s59,9.5,s,2,52.8655
s59,76.6,s,2,47.2528
s59,44.8,s,2,48.5208
s59,6.4,s,2,52.3416
s59,14.8,s,2,51.6212
s59,111.5,s,2,47.164
s59,24.7,s,2,50.3233
s61,76.6,s,4,45.5762
s61,0,s,4,52.7
s61,6.5,s,4,50.919
s61,14.7,s,4,49.7159
s61,111.5,s,4,44.449
s61,9.5,s,4,51.2655
s61,24.7,s,4,47.7353
s61,44.7,s,4,46.1738
s62,76.6,s,8,44.9824
s62,0,s,8,55.4
s62,44.7,s,8,45.2531
s62,14.7,s,8,52.9745
s62,111.5,s,8,44.25
s62,9.5,s,8,55.153
s62,6.4,s,8,55.3936
s62,24.6,s,8,43.0754
s63,76.5,s,4,43.9855
s63,14.7,s,4,48.2041
s63,0,s,4,51.1
s63,6.4,s,4,49.308
s63,24.6,s,4,47.2624
s63,111.4,s,4,45.3072
s63,44.7,s,4,45.0655
s63,9.7,s,4,49.3249
s70,24.6,s,8,46.3608
s70,76.6,s,8,44.0486
s70,44.7,s,8,43.8867
s70,6.4,s,8,48.692
s70,0,s,8,50.1
s70,111.5,s,8,44.1905
s70,9.5,s,8,48.8175
s70,14.7,s,8,48.0861
s72,44.6,s,8,38.8008
s72,6.4,s,8,54.532
s72,76.5,s,8,35.9105
s72,111.4,s,8,32.6656
s72,9.6,s,8,54.5
s72,24.6,s,8,52.04
s72,0,s,8,54.5
s72,14.7,s,8,54.4706
s75,6.4,s,4,51.6192
s75,9.5,s,4,51.163
s75,111.5,s,4,39.2235
s75,76.6,s,4,29.6924
s75,24.7,s,4,44.5358
s75,0,s,4,51.6
s75,14.8,s,4,47.9296
s75,44.8,s,4,34.4864
s76,111.5,s,2,45.2145
s76,0,s,2,53.8
s76,6.4,s,2,52.1552
s76,76.6,s,2,46.0634
s76,14.8,s,2,50.4848
s76,9.5,s,2,52.128
s76,24.7,s,2,48.613
s76,44.8,s,2,47.0352
s77,111.5,s,4,27.5135
s77,14.7,s,4,55.1619
s77,0,s,4,55.5
s77,6.5,s,4,55.526
s77,44.7,s,4,38.5587
s77,24.7,s,4,49.4238
s77,76.6,s,4,28.0772
s77,9.5,s,4,55.5
s78,44.7,s,8,28.544
s78,14.7,s,8,40.9595
s78,9.5,s,8,48.157
s78,111.5,s,8,36.397
s78,76.5,s,8,36.1535
s78,24.6,s,8,36.962
s78,6.4,s,8,49.8144
s78,0,s,8,50
s79,44.7,s,4,32.7905
s79,111.4,s,4,39.8626
s79,24.6,s,4,37.8968
s79,9.7,s,4,46.8475
s79,6.4,s,4,49.4304
s79,0,s,4,50
s79,14.7,s,4,41.4299
s79,76.5,s,4,38.7545
s83,6.4,s,4,50.9592
s83,24.7,s,4,47.1727
s83,14.8,s,4,48.9096
s83,0,s,4,51.1
s83,44.8,s,4,45.8584
s83,111.5,s,4,44.0755
s83,76.6,s,4,42.4442
s83,9.5,s,4,50.3875
s84,44.8,s,2,47.8224
s84,24.7,s,2,49.4816
s84,14.8,s,2,54.2168
s84,6.4,s,2,56.1424
s84,76.6,s,2,48.3102
s84,0,s,2,56.2
s84,9.5,s,2,55.7345
s84,111.5,s,2,45.719
s85,44.7,s,4,45.7632
s85,6.5,s,4,51.186
s85,24.7,s,4,47.4576
s85,14.7,s,4,49.554
s85,0,s,4,52.2
s85,9.5,s,4,50.642
s85,76.5,s,4,44.397
s85,111.5,s,4,44.2835
s86,6.4,s,4,50.8736
s86,14.7,s,4,50.5362
s86,24.6,s,4,48.6672
s86,76.5,s,4,46.4505
s86,0,s,4,52.8
s86,9.5,s,4,51.318
s86,44.7,s,4,46.2291
s86,111.4,s,4,45.559
s87,14.7,s,8,43.4889
s87,44.7,s,8,29.1219
s87,76.5,s,8,31.1565
s87,6.4,s,8,52.2568
s87,24.6,s,8,39.2898
s87,9.7,s,8,49.6579
s87,0,s,8,52.5
s87,111.4,s,8,39.9118
s88,6.4,s,8,50.832
s88,76.5,s,8,39.631
s88,24.6,s,8,44.3794
s88,44.6,s,8,41.5232
s88,111.4,s,8,39.3258
s88,14.7,s,8,50.0797
s88,9.6,s,8,50.7808
s88,0,s,8,50.8
s9,76.6,s,1,46.8934
s9,44.9,s,1,46.8937
s9,111.6,s,1,44.5504
s9,14.8,s,1,49.32
s9,6.5,s,1,50.644
s9,0,s,1,50.8
s9,24.8,s,1,47.7744
s9,9.5,s,1,50.306
s91,44.8,s,4,42.9664
s91,76.6,s,4,38.2036
s91,24.7,s,4,46.9866
s91,111.5,s,4,38.9615
s91,14.8,s,4,49.0528
s91,6.4,s,4,49.9936
s91,9.5,s,4,49.829
s91,0,s,4,50
s94,76.5,s,4,44.109
s94,44.7,s,4,44.5503
s94,111.4,s,4,44.5046
s94,6.4,s,4,49.412
s94,24.6,s,4,47.0934
s94,0,s,4,51.3
s94,14.7,s,4,49.0068
s94,9.5,s,4,49.9225
s95,76.5,s,8,38.666
s95,44.7,s,8,41.5259
s95,111.4,s,8,39.3486
s95,6.4,s,8,49.7808
s95,24.6,s,8,43.5644
s95,14.7,s,8,46.5281
s95,0,s,8,50.6
s95,9.7,s,8,48.4757
s96,76.5,s,8,27.5735
s96,44.6,s,8,36.6848
s96,6.4,s,8,50.632
s96,24.6,s,8,48.9764
s96,14.7,s,8,50.6147
s96,0,s,8,50.6
s96,111.4,s,8,27.6516
s96,9.6,s,8,50.6096
s97,6.5,s,1,51.0325
s97,0,s,1,51
s97,44.9,s,1,39.9546
s97,14.8,s,1,51.0148
s97,24.8,s,1,49.884
s97,76.6,s,1,33.9182
s97,9.5,s,1,51.0095
s97,111.6,s,1,35.4876
s98,6.4,s,2,51.0784
s98,14.8,s,2,50.0324
s98,24.7,s,2,45.7852
s98,76.6,s,2,45.3698
s98,9.5,s,2,50.6815
s98,0,s,2,52.8
s98,44.9,s,2,45.8405
s98,111.6,s,2,46.104
